use alcohol_retail_store;

create table `product` (
   `p_id` int auto_increment primary key,
   `p_brand` varchar(100) NOT NULL,
   `p_kind` char(1) NOT NULL COMMENT '1:위스키, 2:럼, 3:와인, 4:증류주, 5:맥주, 6:사케',
   `p_name` varchar(100) NOT NULL,
   `p_country` varchar(100) NOT NULL,
   `p_capacity` INT NOT NULL,
    `p_etc` TEXT COMMENT '제품상세설명',
    `p_amount` INT NOT NULL default 0
);

create table `manufacturer` (
   `m_id`   int auto_increment   primary key,
   `m_businessID`   varchar(30)   NOT NULL,
   `m_phone`   varchar(20)   NOT NULL,
   `m_department`   varchar(30)   NULL,
   `m_jobTitle`   varchar(30)   NULL,
   `m_adress`   varchar(100)   NOT NULL,
   `m_name`   varchar(30)   NOT NULL,
   `m_person`   varchar(20)   NOT NULL
);

create table `wholesaler` (
   `w_id`   int auto_increment   primary key,
   `w_department`   varchar(30)   NOT NULL,
   `w_name`   varchar(20)   NOT NULL,
   `w_phone`   varchar(20)   NOT NULL,
   `w_jobTitle`   varchar(30)   NOT NULL
);

CREATE TABLE `purchaseProduct` (
    `pp_id` INT AUTO_INCREMENT PRIMARY KEY,
    `pp_orderDate` DATE NOT NULL,
    `pp_receivedDate` DATE NOT NULL,
    `pp_costPrice` INT NOT NULL,
    `pp_sellingPrice` INT NOT NULL COMMENT '상품입고가격*1.3',
    `pp_receivedCount` INT NOT NULL,
    `pp_manufactureDate` DATE NOT NULL,
    `pp_expirationDate` DATE DEFAULT NULL, -- 기본값으로 '-' 대신 NULL 사용
    `m_id` INT, -- 컬럼 타입을 명시해야 함
    `w_id` INT, -- 컬럼 타입을 명시해야 함
    `p_id` INT, -- 컬럼 타입을 명시해야 함
    FOREIGN KEY (`m_id`) REFERENCES `manufacturer`(`m_id`),
    FOREIGN KEY (`w_id`) REFERENCES `wholesaler`(`w_id`),
    FOREIGN KEY (`p_id`) REFERENCES `product`(`p_id`)
);


insert into product(p_id,p_brand,p_kind,p_name,p_country,p_capacity,p_etc) values
(1,'19 CrimesThe',3,'Uprising Red','호주',750,'풍부한 블랙베리와 체리 향, 스파이시한 노트가 특징인 풀 바디 레드 와인'),
(2,'Chateau Margaux',3,'Margaux 2015','프랑스',750,'고급스러운 캐버네 소비뇽과 멜롯의 블렌드, 섬세한 타닌과 복합적인 향미'),
(3,'Penfolds',3,'Grange','호주',750,'강렬한 과일 맛과 깊이 있는 오크 향, 세계적으로 유명한 호주 와인'),
(4,'La Rioja Alta',3,'Gran Reserva 904','스페인',750,'복합적인 향과 부드러운 타닌, 오래된 와인 저장 기술로 만든 스페인 레드 와인'),
(5,'Robert Mondavi',3,'Napa Valley Cabernet Sauvignon','미국',750,'진한 캐버네 소비뇽 맛과 복합적인 향, 나파 밸리의 대표적인 와인'),
(6,'Torres',3,'Mas La Plana','스페인',750,'풀 바디의 캐버네 소비뇽, 강렬한 과일 맛과 풍부한 향'),
(7,'Domaine de la Romanée-Conti',3,'Romanée-Conti','프랑스',750,'세계에서 가장 유명한 피노 누아, 매우 복잡하고 세련된 맛'),
(8,'Antinori',3,'Tignanello','이탈리아',750,'토스카나 블렌드, 깊은 맛과 복합적인 향을 가진 이탈리아 와인'),
(9,'Bodegas Muga',3,'Reserva','스페인',750,'클래식한 리오하 스타일, 과일과 스파이스가 조화된 레드 와인'),
(10,'Pio Cesare',3,'Barolo','이탈리아',750,'풀 바디의 바롤로, 진한 과일 맛과 복합적인 향미'),
(11,'Glenfiddich',1,'12 Year Old','스코틀랜드',700,'과일 향과 오크 맛이 조화된 부드러운 스카치 위스키'),
(12,'Jameson',1,'Original','아일랜드',700,'부드러운 맛과 바닐라, 오크의 노트를 가진 아일리시 위스키'),
(13,'Yamazaki',1,'12 Year Old','일본',700,'복합적인 과일 향과 스파이시한 맛이 특징인 일본 싱글 몰트'),
(14,'Maker is Mark',1,'Bourbon','미국',750,'캐러멜과 바닐라의 향이 풍부한 부드러운 버번 위스키'),
(15,'Glenlivet',1,'18 Year Old','스코틀랜드',700,'복합적인 맛과 깊이 있는 과일 향이 특징인 스카치 위스키'),
(16,'Mount Gay',2,'XO','바베이도스',700,'깊은 캐러멜과 오크 향을 가진 스파이스 럼'),
(17,'Bacardi',2,'Superior','쿠바',700,'깨끗하고 가벼운 맛의 화이트 럼, 칵테일에 적합'),
(18,'Ron Diplomático',2,'Reserva Exclusiva','베네수엘라',700,'달콤한 향과 풍부한 맛이 특징인 프리미엄 다크 럼'),
(19,'Appleton Estate',2,'12 Year Old Rare Blend','자메이카',700,'과일과 스파이스 노트가 조화된 복합적인 다크 럼'),
(20,'Pyrat',2,'XO Reserve','앵귈라',700,'오렌지와 바닐라의 향이 감도는 부드러운 럼'),
(21,'Absolut',4,'Original','스웨덴',700,'순수하고 부드러운 맛의 스웨디시 보드카'),
(22,'Grey Goose',4,'Original','프랑스',700,'프리미엄 품질의 부드러운 보드카'),
(23,'Tanqueray',4,'No.Ten','영국',700,'신선한 감귤과 허브 향이 특징인 프리미엄 진'),
(24,'Patron',4,'Silver','멕시코',750,'순수하고 신선한 맛의 프리미엄 테킬라'),
(25,'Cointreau',4,'Orange Liqueur','프랑스',700,'상큼한 오렌지 맛과 부드러운 질감을 가진 리큐르'),
(26,'Guinness',5,'Draught','아일랜드',500,'크리미한 거품과 깊은 몰트 맛이 특징인 스카치 에일'),
(27,'Heineken',5,'Lager','네덜란드',330,'깨끗하고 상쾌한 맛의 라거'),
(28,'Budweiser',5,'American Lager','미국',355,'부드럽고 균형 잡힌 맛의 전통적인 미국 라거'),
(29,'Corona',5,'Extra','멕시코',330,'상큼하고 가벼운 맛의 라거, 라임과 함께 즐기기 좋음'),
(30,'Chimay',5,'Blue','벨기에',330,'진한 맛과 복합적인 향이 특징인 트라피스트 맥주'),
(31,'Dassai',6,23,'일본',720,'고급스러운 미세한 맛과 향을 가진 다이긴조 사케'),
(32,'Junmai Daiginjo',6,'Masumi','일본',720,'부드럽고 향긋한 맛이 특징인 프리미엄 사케'),
(33,'Gekkeikan',6,'Horin','일본',720,'복잡한 맛과 향이 조화된 고급 사케'),
(34,'Tedorigawa',6,'Yamahai Junmai','일본',720,'깊이 있는 맛과 풍부한 향이 특징인 전통 사케'),
(35,'Hakkaisan',6,'Tokubetsu Junmai','일본',720,'부드럽고 균형 잡힌 맛이 특징인 사케');




INSERT INTO wholesaler (w_department, w_name, w_phone, w_jobTitle) VALUES
('마케팅', '김민수', '010-1234-5678', '팀장'),
('인사', '이지은', '010-2345-6789', '대리'),
('재무', '박진우', '010-3456-7890', '과장'),
('IT', '장서연', '010-4567-8901', '사원'),
('영업', '김영호', '010-5678-9012', '팀장'),
('고객지원', '최지훈', '010-6789-0123', '대리'),
('법무', '정민서', '010-7890-1234', '과장'),
('구매', '이승현', '010-8901-2345', '사원'),
('연구개발', '한지은', '010-9012-3456', '팀장'),
('생산', '김하늘', '010-0123-4567', '대리');

INSERT INTO manufacturer (m_businessID, m_phone, m_department, m_jobTitle, m_adress, m_name, m_person) VALUES
('123-45-67890', '02-1234-5678', '생산부', '공장장', '서울특별시 강남구 테헤란로 123', '서울산업', '김철수'),
('234-56-78901', '051-234-5678', '생산부', '부장', '부산광역시 해운대구 좌동 456', '부산제조', '이영희'),
('345-67-89012', '053-345-6789', '납품부', '과장', '대구광역시 수성구 범어동 789', '대구제철', '박진호'),
('456-78-90123', '032-456-7890', '생산부', '대리', '인천광역시 남동구 논현동 101', '인천산업', '최민수'),
('567-89-01234', '052-567-8901', '납품부', '사원', '울산광역시 북구 신천동 202', '울산공업', '정하늘'),
('678-90-12345', '031-678-9012', '생산부', '팀장', '경기도 성남시 분당구 303', '경기도산업', '이수진'),
('789-01-23456', '043-789-0123', '납품부', '대리', '충청북도 청주시 흥덕구 404', '충북제조', '김민재'),
('890-12-34567', '063-890-1234', '생산부', '과장', '전라북도 전주시 덕진구 505', '전북산업', '오세훈'),
('901-23-45678', '033-901-2345', '납품부', '사원', '강원도 춘천시 중앙로 606', '강원제철', '박서연'),
('012-34-56789', '042-012-3456', '생산부', '팀장', '대전광역시 유성구 707', '대전산업', '한지민');

INSERT INTO purchaseProduct (pp_orderDate, pp_receivedDate, pp_costPrice, pp_sellingPrice, pp_receivedCount, pp_manufactureDate, pp_expirationDate, m_id, w_id, p_id) VALUES
('2024-08-01', '2024-08-05', 10000, 13000, 50, '2024-07-15', '2025-07-15', 3, 7, 2),
('2024-08-02', '2024-08-06', 120000, 156000, 30, '2024-07-20', '2025-07-20', 5, 3, 8),
('2024-08-03', '2024-08-07', 150000, 195000, 40, '2024-07-25', '2025-07-25', 1, 8, 30),
('2024-08-04', '2024-08-08', 200000, 260000, 20, '2024-08-01', '2025-08-01', 6, 9, 11),
('2024-08-05', '2024-08-09', 18000, 23400, 60, '2024-07-10', '2025-07-10', 4, 2, 7),
('2024-08-06', '2024-08-10', 22000, 28600, 25, '2024-07-30', '2025-07-30', 9, 6, 24),
('2024-08-07', '2024-08-11', 250000, 325000, 15, '2024-08-05', '2025-08-05', 7, 5, 29),
('2024-08-08', '2024-08-12', 160000, 208000, 35, '2024-07-18', '2025-07-18', 10, 1, 13),
('2024-08-09', '2024-08-13', 14000, 18200, 45, '2024-07-22', '2025-07-22', 2, 10, 6),
('2024-08-10', '2024-08-14', 130000, 169000, 70, '2024-08-01', '2025-08-01', 8, 4, 10);

create view selectPurchaseProduct as
select pp.pp_id, pp.pp_orderDate, pp.pp_receivedDate, m.m_name, w.w_name, p.p_kind, p.p_brand, p.p_capacity, pp.pp_costPrice, p.p_name, pp.pp_receivedCount
from manufacturer m, product p, purchaseproduct pp, wholesaler w
where m.m_id = pp.m_id and p.p_id = pp.p_id and w.w_id = pp.w_id
order by pp.pp_id;

alter table product add column p_amount int not null default 0;

create database alcohol_retail_store;

drop database `alchol_retail_store`;